,SearchUsers.End,SearchUsers.Gebaeudeeigentuemer,SearchUsers.Gebauedeeigentuemer2,EditReservation.End,EditReservation.ReservationSuccess,EditReservation.ReservationCar,EditReservation.ReservationLocation,EditReservation.Start,EditUser.EditReservationCall,EditUser.End,EditUser.EditUser,EditUser.Start,SearchUsers.EditUserCall,SearchUsers.SearchUsers,SearchUsers.Start,Init*,$
SearchUsers.End,0.0;n(80 40),0.0;n(80 40),0.0;n(80 40),0.0;n(80 40),0.0;n(80 40),0.0;n(80 40),0.0;n(80 40),0.0;n(80 40),0.0;n(80 40),0.0;n(80 40),0.0;n(80 40),0.0;n(80 40),0.0;n(80 40),0.0;n(80 40),0.0;n(80 40),0.0;n(80 40),1.0;n(0 0)
SearchUsers.Gebaeudeeigentuemer,0.0;n(80 40),0.0;n(80 40),0.0;n(80 40),0.0;n(80 40),0.0;n(80 40),0.0;n(80 40),0.0;n(80 40),0.0;n(80 40),0.0;n(80 40),0.0;n(80 40),0.0;n(80 40),0.0;n(80 40),0.0;n(80 40),0.0;n(80 40),0.0;n(80 40),0.0;n(80 40),1;n(0 0)
SearchUsers.Gebauedeeigentuemer2,0.0;n(80 40),0.0;n(80 40),0.0;n(80 40),0.0;n(80 40),0.0;n(80 40),0.0;n(80 40),0.0;n(80 40),0.0;n(80 40),0.0;n(80 40),0.0;n(80 40),0.0;n(80 40),0.0;n(80 40),0.0;n(80 40),0.0;n(80 40),0.0;n(80 40),0.0;n(80 40),1;n(0 0)
EditReservation.End,0.0;n(80 40),0.0;n(80 40),0.0;n(80 40),0.0;n(80 40),0.0;n(80 40),0.0;n(80 40),0.0;n(80 40),0.0;n(80 40),0.0;n(80 40),0.0;n(80 40),0.0;n(80 40),0.0;n(80 40),0.0;n(80 40),0.0;n(80 40),0.0;n(80 40),0.0;n(80 40),1;n(0 0)
EditReservation.ReservationSuccess,0.0;n(80 40),0.0;n(80 40),0.0;n(80 40),0.0;n(80 40),0.0;n(80 40),0.0;n(80 40),0.0;n(80 40),0.0;n(80 40),0.0;n(80 40),0.0;n(80 40),0.0;n(80 40),0.0;n(80 40),0.0;n(80 40),0.0;n(80 40),0.0;n(80 40),0.0;n(80 40),1;n(0 0)
EditReservation.ReservationCar,0.0;n(80 40),0.0;n(80 40),0.0;n(80 40),0.0;n(80 40),0.0;n(80 40),0.0;n(80 40),0.0;n(80 40),0.0;n(80 40),0.0;n(80 40),0.0;n(80 40),0.0;n(80 40),0.0;n(80 40),0.0;n(80 40),0.0;n(80 40),0.0;n(80 40),0.0;n(80 40),1;n(0 0)
EditReservation.ReservationLocation,0.0;n(80 40),0.0;n(80 40),0.0;n(80 40),0.0;n(80 40),0.0;n(80 40),0.25;n(80 40),0.35;n(80 40),0.0;n(80 40),0.0;n(80 40),0.0;n(80 40),0.0;n(80 40),0.0;n(80 40),0.0;n(80 40),0.0;n(80 40),0.0;n(80 40),0.0;n(80 40),0.4;n(0 0)
EditReservation.Start,0.0;n(80 40),0.0;n(80 40),0.0;n(80 40),0.0;n(80 40),0.0;n(80 40),0.0;n(80 40),0.0;n(80 40),0.0;n(80 40),0.0;n(80 40),0.0;n(80 40),0.0;n(80 40),0.0;n(80 40),0.0;n(80 40),0.0;n(80 40),0.0;n(80 40),0.0;n(80 40),1;n(0 0)
EditUser.EditReservationCall,0.0;n(80 40),0.0;n(80 40),0.0;n(80 40),0.0;n(80 40),0.0;n(80 40),0.0;n(80 40),0.0;n(80 40),0.0;n(80 40),0.0;n(80 40),0.0;n(80 40),0.0;n(80 40),0.0;n(80 40),0.0;n(80 40),0.0;n(80 40),0.0;n(80 40),0.0;n(80 40),1;n(0 0)
EditUser.End,0.0;n(80 40),0.0;n(80 40),0.0;n(80 40),0.0;n(80 40),0.0;n(80 40),0.0;n(80 40),0.0;n(80 40),0.0;n(80 40),0.0;n(80 40),0.0;n(80 40),0.0;n(80 40),0.0;n(80 40),0.0;n(80 40),0.0;n(80 40),0.0;n(80 40),0.0;n(80 40),1;n(0 0)
EditUser.EditUser,0.0;n(80 40),0.0;n(80 40),0.0;n(80 40),0.0;n(80 40),0.0;n(80 40),0.0;n(80 40),0.0;n(80 40),0.0;n(80 40),0.0;n(80 40),0.0;n(80 40),0.0;n(80 40),0.0;n(80 40),0.0;n(80 40),0.0;n(80 40),0.0;n(80 40),0.0;n(80 40),1;n(0 0)
EditUser.Start,0.0;n(80 40),0.0;n(80 40),0.0;n(80 40),0.0;n(80 40),0.0;n(80 40),0.0;n(80 40),0.0;n(80 40),0.0;n(80 40),0.0;n(80 40),0.0;n(80 40),0.0;n(80 40),0.0;n(80 40),0.0;n(80 40),0.0;n(80 40),0.0;n(80 40),0.0;n(80 40),1;n(0 0)
SearchUsers.EditUserCall,0.0;n(80 40),0.0;n(80 40),0.0;n(80 40),0.0;n(80 40),0.0;n(80 40),0.0;n(80 40),0.0;n(80 40),0.0;n(80 40),0.0;n(80 40),0.0;n(80 40),0.0;n(80 40),0.0;n(80 40),0.0;n(80 40),0.0;n(80 40),0.0;n(80 40),0.0;n(80 40),1;n(0 0)
SearchUsers.SearchUsers,0.0;n(80 40),0.0;n(80 40),0.0;n(80 40),0.0;n(80 40),0.0;n(80 40),0.0;n(80 40),0.0;n(80 40),0.0;n(80 40),0.0;n(80 40),0.0;n(80 40),0.0;n(80 40),0.0;n(80 40),0.0;n(80 40),0.0;n(80 40),0.0;n(80 40),0.0;n(80 40),1;n(0 0)
SearchUsers.Start,0.0;n(80 40),0.0;n(80 40),0.0;n(80 40),0.0;n(80 40),0.0;n(80 40),0.0;n(80 40),0.0;n(80 40),0.0;n(80 40),0.0;n(80 40),0.0;n(80 40),0.0;n(80 40),0.0;n(80 40),0.0;n(80 40),0.0;n(80 40),0.0;n(80 40),0.0;n(80 40),1;n(0 0)
Init*,0.0;n(80 40),0.0;n(80 40),0.0;n(80 40),0.0;n(80 40),0.0;n(80 40),0.0;n(80 40),0.0;n(80 40),0.0;n(80 40),0.0;n(80 40),0.0;n(80 40),0.0;n(80 40),0.0;n(80 40),0.0;n(80 40),0.0;n(80 40),0.0;n(80 40),0.0;n(80 40),1;n(0 0)
